"relative_path","bytes","last_write_utc","sha256"
"record_2026-05-02_18-58-51.png","251732","2026-05-02T16:59:58.2079775Z","286e69bdabcdc6cd0297d0bb8194374ca4ae12954992a7b9ee5c24dcb253d155"
"record_2026-05-02_19-03-51.png","248794","2026-05-02T17:04:55.0930833Z","2b2d7b96d7246d9aa05e121e9a45250fcbc72a3214707068f9295d0053ce7f52"
"record_2026-05-07_16-36-24.png","251056","2026-05-07T16:11:18.3868147Z","2a412a2de65158a8fa64881286576f9d24d306868d518dd85ff77014243c64bc"
"record_2026-05-07_17-06-17.png","245082","2026-05-07T16:11:39.5805608Z","db843aa105ec43b200bd6cdac2a29e36a350bd09cec6fd2f7e5e18f4a98b34b0"
"record_2026-05-07_17-21-42.png","252727","2026-05-07T16:12:04.0265040Z","cbd10aa975b4225af93ec4e21f92b0be0f17007205cf377f8b606d99950d0dea"
"record_2026-05-07_17-32-33.png","263740","2026-05-07T16:12:17.6531449Z","da94867ebc5b53090ea5abfbcfced90b3b8dc91a8c1da78306fe3087be4c53d8"
"record_2026-05-07_17-38-46.png","259128","2026-05-07T15:40:21.4083855Z","653de6b68e1814cd10267aac0a422891a0ef579751bc794d1525e7e254b3b327"
"record_2026-05-07_17-50-43.png","255960","2026-05-07T16:12:39.4817727Z","7b365e254a6b6912dfb234b895b99d5996fbc4b81e655ca97850fe3d6ced3172"
"record_2026-05-07_17-59-16.png","258224","2026-05-07T16:13:08.3935327Z","2e0210e03a4d09cf5d5408dc783d80335843571c13d91ecff5d63fd09bd27bbf"
"record_2026-05-07_18-08-41.png","248946","2026-05-07T16:10:55.0890479Z","7efed0cfd1ee8cbb6f4d4c24de5798b87f668e3b3b5920849044cba558efae5d"
"record_2026-05-10_15-41-44.png","254624","2026-05-10T13:43:14.1265197Z","4411751bbb20345606efe35e1e128f3a5bee3fb76c44614e030a97f0c808b8bf"
"record_2026-05-10_15-46-44.png","251887","2026-05-10T13:48:36.4145627Z","7c9716266945228b9cfaa8e557c3d74e662ffa9afa64c46ed36236b63577af54"
"record_2026-05-10_15-51-44.png","246641","2026-05-10T13:53:17.3897898Z","0510010046424767f09affd7b3078634f3e3cbc232c227951b425679bfd6965c"
"record_2026-06-27_16-09-41.png","246837","2026-06-27T14:13:02.2002767Z","0dd8680c9d35a6d2fef5e3d3c981fa188055fa2687cfb87724f17d351763d5c6"
"record_2026-07-21_12-58-45.png","243604","2026-07-21T11:00:15.4696407Z","6e96454e77f1c3e76adbe14483223f5d56095e3a47eb3be3fb52f0f619ef1702"
"record_2026-07-21_13-03-44.png","253716","2026-07-21T11:05:17.6846021Z","d3d46ee30a073a8239306f0d24c386e6c6b1eb8dad5b11f3d2fe0dbc406a2b8d"
"record_2026-07-21_13-08-44.png","246097","2026-07-21T11:10:17.2576935Z","a68fb35f83c676d679f6a54593ee25eab5769cb9dbed0eb955d234cc26a8e21a"
"record_2026-07-22_10-02-15.png","252037","2026-07-22T11:18:46.8598520Z","199787dae0f94887552cfa7cc836924caefe622aac3f3c33549d63616fb818d8"
"record_2026-07-22_15-54-13.png","249571","2026-07-22T14:05:16.1623935Z","34216f666008779ea1e33b1dc3516f826917440716ea7b5464bda6d1aac32608"
"record_2026-07-22_16-55-15.png","235604","2026-07-22T14:56:46.6803631Z","31ddc81bc0dfa2035c8a0421fc9d143a400948699a08c5682059fa41ad349d5a"
"record_2026-07-22_17-00-15.png","240345","2026-07-22T15:01:48.2370307Z","d40632af8fcd14e7a1442d029ee7b0281c6ae310e0ab3f4de3090259c8407596"
"record_2026-07-22_18-16-39.png","253513","2026-07-22T16:21:39.7221114Z","a1fb053d4fae59dbfb560f3d779bff4811c26ef1dd5ca9b651366ca41d1d8e16"
"record_2026-07-22_18-21-39.png","249210","2026-07-22T16:23:10.7396719Z","f68584c1425d93a205dd4ee33316f74188d537ba4b68c9de856daaed1679fde5"
"record_2026-07-22_18-42-39.png","242714","2026-07-22T17:24:10.0567788Z","293b0080e1bc2f8079ba32d565aac442afdb7ef5ccd124b435659a1539f6789a"
"record_2026-07-22_19-03-45.png","248685","2026-07-22T17:24:10.8289805Z","8679b80b5d641f895fe0dde856511f9729f7df5491cf311704285e4527642cfb"
"record_2026-07-22_19-12-21.png","252032","2026-07-22T17:21:15.7181369Z","44554ea9336bb5c5a1957636d940a8672b8bb8beac9eac4ce337fd71f6daed0e"
"record_2026-07-22_19-57-41.png","252343","2026-07-23T02:06:51.1733453Z","4c007ffc5b0f1615caffda33b0b264943c526a1fb09cd256bc1bfe7be6383f9b"
"record_2026-07-23_04-22-50.png","257736","2026-07-23T08:13:40.4280666Z","af187ac800a61ea87151bfd04c1d041b2a85286b3f0b2c8e9e6ee4b3055e6c48"
"record_2026-07-23_08-06-26.png","261931","2026-07-23T08:13:42.0648977Z","c862af40eab99d3fe7015a410bfb5a740bd6c33c81189d522df221d5d0e31085"
"record_2026-07-23_09-43-34.png","260919","2026-07-23T08:13:43.1297939Z","d39e7084b521645e644748a6afb542b0ff0edcec98a94e2f50e28eed69fc7dbc"
"record_2026-07-23_10-23-39.png","257080","2026-07-23T08:25:15.3387703Z","22cc35d15e42d936965271770b400c677d1737f8b643f91acc146dbbb3938146"
"record_2026-07-23_14-49-56.png","247815","2026-07-23T12:51:29.7004792Z","7e2e03c89bee56345cf9fc24c28fdb39308a007857f75dae5c99873292843437"
"record_2026-07-23_14-54-56.png","252155","2026-07-23T12:56:28.7487688Z","279205f37442b569b510cd9d228d2bc768f96344e731b7a2ba0141b4406419a6"
"record_2026-07-23_15-09-56.png","253911","2026-07-23T13:11:33.5179237Z","dbce9c672b971de0a3e67d0ec81495352eddd9aa1c7269b72b684b800b474bab"
"record_2026-07-23_16-42-49.png","242600","2026-07-23T18:08:34.9484178Z","b7506861edcb7b3dad7a5107f8ddd29d19fccd64dc6fe2a192badbf83f71711d"
"record_2026-07-23_17-44-08.png","253294","2026-07-23T18:08:36.9467049Z","3afe53bd0b79201bc54f0c170ae87b4c0a7eaa64b7a0f2536a5c4b8b1bf4937a"
"record_2026-07-23_20-47-18.png","248409","2026-07-23T18:48:51.3610402Z","374465abbcfc5e52e11217f62d1f96cca7e9d18862c8145550a4f79e91c3089a"
"record_2026-07-23_20-48-52.png","253983","2026-07-23T18:50:28.0674652Z","421a9a53b135aeb0c8e89fb9f40523cd1cef19d076c14a37f7fc944e276eb0d1"
"record_2026-07-24_09-52-31.png","253527","2026-07-24T07:54:01.9712552Z","e83b299fefe2953308bc7dbe44e23b9584025cc7cff15fafed2baff5963a189c"
"record_2026-07-24_11-29-03.png","256904","2026-07-24T09:30:34.7591539Z","b42903aa41afa66d888c67aba5cc3de88c67f3af48fbc9868f3fb3a4defd10f4"
"record_2026-07-24_11-34-03.png","250526","2026-07-24T09:35:35.4062173Z","b07e87a1426809aa75802a4a6de99680f9865eeb9d1e5f006ff8f666def2e6a8"
"record_2026-07-24_12-04-03.png","250475","2026-07-24T10:05:34.2673519Z","848f38a330147eb5c55920fb694b7c039a92e0e61cbf2fe20a22f7400f3acb7d"
"record_2026-07-24_12-59-03.png","255157","2026-07-24T19:01:26.9483611Z","d4bea98bae1dd2bac3767f03246ef11ea857b3ccde5606b611fa5b16634c7a47"
"record_2026-07-24_13-06-04.png","253915","2026-07-24T19:01:27.7545272Z","3c56570139fff32d23d8f5135716d3f3d63d92a9eb5b31b52b451ddedb69a6c5"
"record_2026-07-24_16-23-59.png","245277","2026-07-24T19:01:28.8960628Z","11563358474ffb70de1fc2b507a2beb7d48a573a070de84ff0aa07dfe6906f1c"
"record_2026-07-24_17-14-39.png","251025","2026-07-24T19:01:29.7091907Z","c17115ff4f6516f5a03e306b9b45eeb611c0015241ac5bf4d43a01f55ad400d4"
"record_2026-07-24_17-35-10.png","249173","2026-07-24T19:01:30.4678499Z","782cdc0c5d2e0dd03859a30264f526c4b4b363701b7db9b52257ece05e3f2928"
"record_2026-07-24_17-57-42.png","245057","2026-07-24T19:01:31.1455669Z","46bc841782d334f72bc97458d515e795aac6bcbe0f47fb6dcd6946297567c298"
"record_2026-07-24_21-06-26.png","251310","2026-07-24T19:08:00.6608487Z","588c0baca87a189caf350e65e68f0695e96dffcfc7d5b6def85cc02c618ee7db"
"record_2026-07-24_21-11-26.png","248196","2026-07-24T19:12:58.5231684Z","d30458b924c075fd45b8ee3c9110633a04b032203b586f31388af9c45176481e"
"record_2026-07-24_21-21-26.png","243320","2026-07-24T19:22:59.1102613Z","7074d5433fe60fc06ccd25f9248818e6a13808f211c2473716efe60214c470e3"
"record_2026-07-24_21-36-26.png","251972","2026-07-24T19:38:00.0618485Z","c6216b6202a3d2c3772d786378d1aa549071a2b59124dbc39be5c0e13da6fe77"
"record_2026-07-25_07-27-17.png","255491","2026-07-25T07:15:53.4651170Z","ff1066bae1caea66cf2025d8f35cd654e32810d25aad179031d983635b07ed7a"
"record_2026-07-25_11-22-09.png","255647","2026-07-25T11:44:49.7723103Z","a34519896d33dd0a8331d478c5d6dc62e3307962fd785e4355349fcb9a028115"
"record_2026-07-25_12-51-58.png","235671","2026-07-25T11:44:50.7054712Z","5dc573f4ff7d2a208f78d39e60405f46d5f6006cfea1f22ec321f976a38c0f6a"
"record_2026-07-25_13-51-28.png","256299","2026-07-25T11:52:59.3537282Z","5ef94415c83f34ae08402b7e91776d12e79033c028ce243829945683e1dbd382"
"record_2026-07-25_13-56-28.png","257481","2026-07-25T11:57:59.2242324Z","602e7bfff9cedf5cb06a8ac6f1fb0500cef6a29dfcdff83f7f926321b47451e5"
"record_2026-07-25_14-01-28.png","252495","2026-07-25T12:03:04.8645627Z","a688e1881189975b7cbd8178c4e696308c1565159bd67fe55d7a8f376df6648b"
"record_2026-07-25_14-21-28.png","247708","2026-07-25T12:22:58.4835366Z","2755b47eaaf34e0a8e166971c0f6bfc1e895d6d8a774dc3ef149ec7d6932a95a"
"record_2026-07-25_14-26-28.png","245460","2026-07-25T12:28:01.6649045Z","d3b20988b9b848707084bbf1f96be4f841334809244ee91362285d054e0d903f"
"record_2026-07-25_15-29-28.png","256399","2026-07-25T13:31:45.4157290Z","a0bab0421ff0db254e67fc23b9f023f45895b4f7e9028d3ccafeedd6e5c660d4"
"record_2026-07-25_15-31-47.png","245440","2026-07-25T14:45:54.2890933Z","c13a02eb78091d969254ef763576001917af461f406e5c2235c794a54eace9d2"
"record_2026-07-25_15-44-47.png","247809","2026-07-25T14:42:02.3506468Z","f81c06660db23d8f94b7e136ce3d78029bddbe8ef19dbb44cbafc9e56685873d"
"record_2026-07-25_16-11-22.png","247811","2026-07-25T14:42:03.1671557Z","7e0d9680610842df51a3a8550a7720b7e471bb0892919de6b96163eb91fdc8b2"
"record_2026-07-25_16-36-29.png","259330","2026-07-25T14:42:04.0739802Z","162ee371b178c1f779ab00ca7bbe98a5249200b2a4fe14e6ba0cf12cf4f24d71"
"record_2026-07-25_17-52-06.png","245272","2026-07-25T20:25:52.9503904Z","29b01e81b45f2957262bc31e1e3d565d47379b97793a37c991a9149608e9869e"
"record_2026-07-25_18-37-17.png","248932","2026-07-25T20:25:53.9893358Z","80712b7ea7b08d57556d08ed345ca2e728102d6ca42978348fc0d3bfeff2a68d"
"record_2026-07-25_18-52-52.png","246716","2026-07-25T20:25:54.6809465Z","38808f126052f212a56b87295eefc9a81b56ee4ca7942b586fbc27e95f68dd4b"
"record_2026-07-25_21-34-25.png","242236","2026-07-25T20:24:22.1144979Z","4e485774ebf6ce57ef74327689195810ecbc69f5694394fa473fd1adc347e2c6"
"record_2026-07-26_07-51-35.png","234424","2026-07-26T14:51:12.2627511Z","84477fdd8f2caccc0a85e9ba02f73bed651559d43c41f8ab3d789b02e98d5104"
"record_2026-07-26_08-24-07.png","251742","2026-07-26T14:53:48.5043955Z","f34413db9230a97bc071f791fb02e99f3de5d8887f0def489823d6da34dcbb63"
"record_2026-07-26_10-08-48.png","246412","2026-07-26T14:52:14.3531300Z","ab2aad7973eb67abfcdb7831b71db4687a34c0b49c8204c20174f199e2d7fd86"
"record_2026-07-26_13-33-38.png","256363","2026-07-26T14:52:15.4064128Z","5a162199f1e7dc0eb4e746083dfe8fa9b36b5378e3b7a4789d55eacd073234e2"
"record_2026-07-26_17-59-01.png","244112","2026-07-26T17:59:10.9354202Z","7f5c79e161c938c67dc24135888db1ea492b1021a7ea2705c354f1f861828b1d"
"record_2026-07-26_20-09-09.png","250453","2026-07-26T18:10:42.3187756Z","9f8046bdfaa0f399a0e2791a12d1f14062fee2abf2493cfd648e5294db1b48de"
"record_2026-07-26_20-43-39.png","251611","2026-07-26T20:21:58.0193160Z","ecb67896a2074fba40e06b9dfd6944488cd5206fcd38b0ba3bd8926e2793681a"
"record_2026-07-26_20-53-11.png","253141","2026-07-26T20:21:59.5865195Z","11d9ef9643c798b3ee3ef6ef5c10af4f50aae77decc5452afcc4bf6930692f25"
"record_2026-07-26_21-04-48.png","243289","2026-07-26T20:22:00.4661861Z","91fc14f944da686d61b195cde1564722a7b83e133daadbdc3207f48f2565da42"
"record_2026-07-27_09-08-47.png","258646","2026-07-27T07:10:15.0881799Z","0eac111166533f1edd7c669f38f7a18b26a008de31d05dcdfcfb9252076ffe27"
"record_2026-07-27_09-35-17.png","255602","2026-07-27T07:36:46.9106372Z","4dcb56c1a954485f1cd399a38f277cfa1af5e0ce99ee8198a8a49fc7341fb4bd"
"record_2026-07-27_10-30-17.png","252999","2026-07-27T08:31:51.5728930Z","df2d4b6d7bc3e0465e039aa5b3f3341c036c8930185af4c707d89cbc219ded75"
"record_2026-07-27_12-10-17.png","254129","2026-07-27T10:11:55.2252045Z","1f210d7374dfbfb05a9633ae132bfa720267beb82362513a2fab27d3f1cc9710"
"record_2026-07-27_12-15-17.png","249062","2026-07-27T10:16:49.9919019Z","956095b8fd88a9c953786a4a8082d0bc06b7134ae1e58a319ac0bd70e7786104"
"record_2026-07-27_12-30-17.png","255678","2026-07-27T10:31:51.9203496Z","07d3f6473bdd755b7d9b8470964ebbc8973540d896aafb1d63251c98e106e53c"
"record_2026-07-27_12-45-17.png","248733","2026-07-27T10:46:49.3056155Z","e26c9789767fb0a94f3110777a5221c151e0448cb3ac1f69e3070211d505342e"
"record_2026-07-27_12-50-17.png","249623","2026-07-27T10:51:50.9734986Z","1360d0ab0372d8635b2c6bf3c84e6c189e1f411344300f3003b404f1c869ad60"
"record_2026-07-27_12-55-17.png","250428","2026-07-27T10:56:47.6907936Z","711ffd8198000d6bae94e53ac77070b15a868d290aede1bd89e9eadc1c9fa660"
"record_2026-07-27_13-10-17.png","253464","2026-07-27T11:11:51.6594414Z","662b3298dd6433f34febd7bf9c2d35090c33afbe84338bdf1d11f981d6969801"
"record_2026-07-27_13-20-17.png","252368","2026-07-27T11:21:50.8432092Z","9dee90e7c0dbd50dc8afa94c02ff0232e6de0cb68ea8eeb6a02c7ac715aaeb71"
"record_2026-07-27_13-25-17.png","251856","2026-07-27T11:26:48.0409294Z","3a6b5034d8664b91d0176e78f3c6ba9c2b3a6370a6d73dd24c84c1d1a1456190"
"record_2026-07-27_13-30-17.png","255273","2026-07-27T11:31:48.5129071Z","8722f3844718c7aaedc4b53c12a8194120e0363d1bfce15b868b4ba32ebcc821"
"record_2026-07-27_13-35-17.png","254843","2026-07-27T11:36:50.9962083Z","f1aee6501c67f1aafe36962d6f0b0be0dd60b8c9f5603a1156422c0e53d25a2d"
"record_2026-07-27_13-40-17.png","251454","2026-07-27T11:41:52.8771139Z","7b51e70dba9b867a667970a2fc3d58bd782462acbccfc858b00be5e76044cbd6"
"record_2026-07-27_14-00-17.png","253135","2026-07-27T12:01:49.9710777Z","d43c3bf224d00d20ebcb897724b04be55005caabeafd05d35a84847f4440936d"
"record_2026-07-27_14-10-17.png","248598","2026-07-27T12:11:47.6419944Z","f95f06a9c1d741fbe38d60a8b6b563eca24009a1c350153f75fb04215582463b"
"record_2026-07-27_14-40-17.png","255536","2026-07-27T12:41:48.7763229Z","4f800ab804b1b3948791a44f6f034f6b50a62be73a16dfb19be6ee62a6e184e1"
"record_2026-07-27_14-50-17.png","249555","2026-07-27T12:51:46.0333095Z","b83fc5ea70336c98bd0a08669e47d38a16dbd9a3580287b6aeb137830fe25dbd"
"record_2026-07-27_16-30-11.png","250190","2026-07-27T14:31:46.4022197Z","d82437552e20831687907f8d6a9f2dac0d0ac5a63dc457b5bd6cd154db233a1f"
"record_2026-07-27_16-45-11.png","249834","2026-07-27T14:46:45.7620506Z","fc389b44d96e427264f82d0c410ebce74035cdd20effbaf826507f582e994930"
"record_2026-07-27_17-10-11.png","254270","2026-07-27T15:11:42.3975508Z","b7561a9fa60a0bd0660bdaee394c9f4c9f8c071f3ca3a4530d8e3a04afba2532"
"record_2026-07-27_17-20-11.png","243557","2026-07-27T15:21:43.0549491Z","f9714272d8cd96eb2ed49bb63831733dad8516ceb6a923a03ff8d5759e692c8a"
"record_2026-07-27_17-37-11.png","253124","2026-07-27T16:23:59.7575258Z","33090ea2d7b92d766435813536910cb3df356e6793d71adc782185e7a3b2eace"
"record_2026-07-27_17-44-44.png","250901","2026-07-27T16:24:00.6349865Z","55631ef4b3db70217e73c08e75261602e55deda4a85f1a8e37a051cd73bb5af0"
"record_2026-07-27_17-54-17.png","255531","2026-07-27T16:24:01.7104159Z","cf00c95d576151fb7dfa3c4225db12e41fdfa4452b2d0180c7f8d3e77e6447ce"
"record_2026-07-27_18-05-54.png","252392","2026-07-27T16:24:03.1982779Z","42929adaabe5965f8506a6f26d2f23e2daf0b6b3d3422e5976f9443db9aba859"
"record_2026-07-27_18-21-26.png","243871","2026-07-27T16:23:58.8991189Z","2a1a2087723bc9009cb928ec4b32752c88924046897661c20b71b4dbc1a257ce"
"record_2026-07-27_18-24-04.png","254584","2026-07-27T16:25:38.0130405Z","4213a19d4f96e2dc641fbebcc0e3484815e1c255d101cb297c3d32649cb1d47d"
"record_2026-07-27_18-29-04.png","250700","2026-07-27T16:32:24.9845626Z","fa7bcf1fc3220e5b5f69d27a9d82e32faeaf055beb604ada61bdf63709750c58"
"record_2026-07-27_18-34-04.png","255824","2026-07-27T16:52:58.7420789Z","ddb2fd63be80440887d7d2b0f12e0141c74e328eda1c35d7ae1d9048c37915e2"
"record_2026-07-27_18-48-36.png","252896","2026-07-27T16:52:59.4904910Z","6d814fbc7225ef47d16053237356b83e7b6339a2ca7a485b9792371a4ea88411"
"record_2026-07-27_18-52-59.png","252473","2026-07-27T17:03:13.9580146Z","b49daf414852f6936424ad0a7d8b7a3ab753abeefbbaec3fce2074d64deced48"
"record_2026-07-27_19-04-14.png","251078","2026-07-28T00:18:37.0862786Z","b110f3f9875ff66abcfba2dd8b4bf683ce7049854a60b498d9b4bbb73e64ef71"
"record_2026-07-27_19-11-47.png","248502","2026-07-28T00:18:37.7710282Z","935bfb5783d6cc4287bb56c4437b3e058d60b825dfb2fa6fe53fc150d3ecd376"
"record_2026-07-27_19-19-14.png","251874","2026-07-28T00:18:38.4960983Z","4ba8b48ccce1af4482dcb1971ee9b6e5b6c1c55857bab383ac4773ed386b5910"
"record_2026-07-27_19-36-17.png","250501","2026-07-28T00:18:39.2270441Z","6fb323c4e850e2eec13d151df58c48099a2faf7f1fe37c2384e49530098c2fd3"
"record_2026-07-27_19-47-50.png","253700","2026-07-28T00:18:39.9138265Z","2a75620e3971251bf7713f34214ec0f89d7e1ae44039279244812a019339f7aa"
"record_2026-07-27_20-01-21.png","252936","2026-07-28T00:18:40.6459577Z","323134017068257b19b63c9899c527442a47facc9b970b5a1f1b64c6fb0ac3a3"
"record_2026-07-27_20-16-56.png","253785","2026-07-28T00:18:41.4243235Z","f9540d5b0708629032a211def019198e3c1cada5f4e4ed1d0a7dc5698fec8fc7"
"record_2026-07-27_20-34-29.png","244083","2026-07-28T00:18:42.1460166Z","8703614af2056cb70524a68410f38732f241d6c7b6caabdd9d1737331bd947c2"
"record_2026-07-27_21-13-40.png","249959","2026-07-28T00:18:42.9246983Z","0a6bd43e0d727d14c8a89d6c40d0f2cfab574cd13c041599142680d51ed46111"
"record_2026-07-27_21-36-18.png","250010","2026-07-28T00:18:43.6265555Z","f7cdee51a911a2ca2d93f27f39df9684b16dac2aa6b5bffb547130afa89c0e3c"
"record_2026-07-28_01-13-47.png","248650","2026-07-28T00:16:31.5107131Z","920771c47d8c4993a81f21ffa3cd91d2f7298224dd5984cd3558f3fb4ffd3426"
"record_2026-07-28_02-48-09.png","255602","2026-07-28T01:05:41.5301508Z","22e363ff6663d4f524ca99207894e673fd53995b51d43041c8ed4acb9d981a05"
"record_2026-07-28_10-29-05.png","251926","2026-07-28T09:54:58.5891251Z","b4ca03519cb01c868cf3c929de35bbc980510fee29d61b40a9b7fae11fae41c1"
"record_2026-07-28_10-54-38.png","251523","2026-07-28T09:54:59.6829481Z","27a5d85021d00643962635aba69e4a0cd7c34d3650b537d726a3565a12bebc46"
"record_2026-07-28_11-22-15.png","252892","2026-07-28T09:55:01.1349200Z","549b9215cbaff5c60fa74bcca873f36b319541971f6e215123e76fe74eda387b"
"record_2026-07-28_11-55-02.png","260103","2026-07-28T09:56:34.4501115Z","4e5e66ed2143baf1ff92664627a87bf33d69ae416972ea79ecdc028f5a9e91b9"
"record_2026-07-28_12-11-26.png","258252","2026-07-28T10:13:32.4459617Z","4fab8336f408de9dafeae49007d7bd07de5b67f6a0e43f5911c8800a8b16288f"
"record_2026-07-28_12-19-26.png","258795","2026-07-28T10:20:56.5152737Z","0abe1b0dfabb844f777da8ea91204e22632017edb4aef929bff123746692b108"
"record_2026-07-28_12-34-26.png","251105","2026-07-28T10:35:55.6051681Z","9da2bda5bd2d8b493bb247d87675b9ef4df1607143bd11a706af4115489ccbb4"
"record_2026-07-28_12-43-19.png","257021","2026-07-28T10:44:55.4747388Z","acdb9c7478d5d2143dd95b01202a90a7742cdd7a62d20c7ac66d30708552815c"
"record_2026-07-28_12-46-17.png","258393","2026-07-28T10:47:55.1446550Z","498acc79eafd34ff0ac8e60c482b77d8187a1624125c021aad6dba8b154035c0"
"record_2026-07-28_12-51-17.png","258131","2026-07-28T12:22:18.0154540Z","32270aa090164f05c6dae96808a13be6ab7775d32a38bf075ae036ee30b57fbc"
"record_2026-07-28_13-04-18.png","251404","2026-07-28T12:22:19.7165110Z","53bf0afe7d60ce5b26fa37678de1c446c9b810b914cc8e65f959a9b79b37ddfe"
"record_2026-07-28_13-12-45.png","252257","2026-07-28T12:22:20.9912188Z","22f0db27f1151488934c4817924f38f4d058b45018efd859779086152eacf4d8"
"record_2026-07-28_13-15-53.png","247499","2026-07-28T12:22:22.5768866Z","56474f71987899e02aa8f18a0336e3fe35b44ab1a89a3b580802f232a03bccc1"
"record_2026-07-28_13-20-53.png","251987","2026-07-28T12:22:23.7627209Z","f996ae59b1281255063103c6976aa77ce36513a13b697ba06e9927b93de90263"
"record_2026-07-28_13-25-54.png","254409","2026-07-28T12:22:25.0058116Z","6dea93b8b8998e55fcfdca2d8617485d2988180800d6db622576cb52028a9818"
"record_2026-07-28_13-35-54.png","248835","2026-07-28T12:22:26.5050245Z","16ab05f08a34f545a9ab3b19c45c013c296ce8d608a45989807b707427fed4e4"
"record_2026-07-28_13-40-54.png","250029","2026-07-28T12:22:27.7476040Z","899e835f61298ad3ee16c57461574c7b476acca372005e8a3453879bc1784eb1"
"record_2026-07-28_13-50-55.png","253407","2026-07-28T12:22:29.1610862Z","6861be86f4431e7b514f122ecee2c51f31c1853a547345b9204593cbd9431206"
"record_2026-07-28_13-55-55.png","255181","2026-07-28T12:22:30.4300078Z","9fdcf3db9d66f79fb467ab9c0b2dc122a69fab31977dc06e472dfee3eb8d4473"
"record_2026-07-28_14-00-55.png","249614","2026-07-28T12:22:33.1089283Z","d652195e2e48da124b040631d2b665e785ca95239319b5ff47d71e910ed8cef8"
"record_2026-07-28_14-05-56.png","251523","2026-07-28T12:22:34.3407220Z","9b08e6815779ea249c963e23282010eee9d9b95c957ce339dd8a923c5da27bae"
"record_2026-07-28_14-10-56.png","254147","2026-07-28T12:22:35.4982017Z","3eb70b0f3730f2bea81cfd0c2a4882d0a586f3c8ea4490695de7f9eeb2fac044"
"record_2026-07-28_14-15-56.png","253899","2026-07-28T12:22:36.7491018Z","a94ba177b2f019f949c135a8afcf950ac853381af1a08b799d77c0fd5d053c92"
"record_2026-07-28_14-42-18.png","255726","2026-07-28T12:43:48.8948362Z","5abd531738105ec9887a44630ddd484072008c25b7a4fd0fb6118e3bd958e5e0"
"record_2026-07-28_14-47-18.png","254679","2026-07-28T12:48:49.4523114Z","14fc1e860b8f2844a82e3d158fe73131c9b26d3043a4d467c9395526520ebcc7"
"record_2026-07-28_14-57-18.png","249310","2026-07-28T12:58:49.4071286Z","ce37e4f7111b0c6909ec5dd73d61978608f9d6a2761d44ad6293eeeff5408411"
"record_2026-07-28_15-08-32.png","255390","2026-07-28T13:10:00.6733882Z","cdfd04e05749cdbc111acd1b11822be74ec8e2ae3a933a425a30056c27aeb648"
"record_2026-07-28_15-13-32.png","249978","2026-07-28T13:15:03.0529632Z","cae5c103f92a2f18090a968ff6a9139e1ba25d1a13498dc3bca31499c1a19a12"
"record_2026-07-28_15-18-32.png","251233","2026-07-28T13:19:58.2929978Z","8d15783a586a29e9622a9a22ff521c31198cfedb05b6b339cf61bf6a37de8d75"
"record_2026-07-28_15-28-32.png","251537","2026-07-28T13:33:31.1350515Z","38af55ea21ebb5572f0580197d536c34dad5ab739229bddd8726526e9b14e130"
"record_2026-07-28_15-33-33.png","257292","2026-07-28T13:35:02.6789106Z","2009d5ec046878daeb0a64a7782e9d6ab6cbe26660f2173801028a8e3481883d"
"record_2026-07-28_15-43-32.png","249574","2026-07-28T13:45:01.1378107Z","17dda29b61088a235914ab01a086c1aa717fd794ecc664fe33fae86cd7d281e6"
"record_2026-07-28_15-53-32.png","257142","2026-07-28T13:54:58.4781218Z","6aec26bac52a746e6f6161c73b4fe0125724b2c23844bd9bc3dbb058e1a037a7"
"record_2026-07-28_15-58-32.png","253525","2026-07-28T14:00:01.8868624Z","1d4eb46aeaecb4f83260ee46ed3a53ca7f7b983fed03b177f435a50dc82752fe"
"record_2026-07-28_16-03-32.png","248056","2026-07-28T14:05:01.7129799Z","23806fbba078a4119c071d027b6f57f29839638b787f948d8a87b72ec9cf438a"
"record_2026-07-28_16-08-32.png","257754","2026-07-28T14:10:00.1875170Z","9ca1e045ba63afcd220102fddafba4e32305d9bd2798bbd9c513cdd36fc251fe"
"record_2026-07-28_16-13-32.png","255838","2026-07-28T14:15:58.7423123Z","4265f8e481c8ff8971edd530064245415b3effb732c9f8627b7bcbc86193bedb"
"record_2026-07-28_16-18-32.png","249811","2026-07-28T14:19:58.3155752Z","bc83f76d93a6fa4157c638b647ec3a66f6ae02c8b6c3c8ce0396b314f6e4a524"
"record_2026-07-28_16-23-32.png","252581","2026-07-28T14:25:04.5638080Z","315e0383607314b3558de151e7d5194b8c80d030cb50af0b3354346e4a1353d9"
"record_2026-07-28_16-28-32.png","247525","2026-07-28T14:29:59.4350281Z","078c865e3d690f1cfc190e3cc826b6ce0777cb6efdc99d8fd45dd366158ea09d"
"record_2026-07-28_16-33-32.png","248199","2026-07-28T14:35:05.7649433Z","3d002d79b5ab9b5b646699144057a15d0ff4c19e0d1864478bc5a702099b54f3"
"record_2026-07-28_16-38-32.png","252097","2026-07-28T14:39:58.6056977Z","31fd54cbbe0873c0ab0a00fd4a1f115528d9659f866361af2049dd3ae6076fe4"
"record_2026-07-28_16-58-32.png","248650","2026-07-28T15:00:01.5564448Z","e038fab59a9f0a80c955e4e60e7d4d647fe509a4d4335951f72a27ae58f07c27"
"record_2026-07-28_17-18-32.png","253680","2026-07-29T13:49:15.7723713Z","e2be106cba66e61eb58fe0697eed8e8716e53dcd583637180008a47e5cc5be25"
"record_2026-07-28_17-25-32.png","253853","2026-07-29T13:49:16.9514645Z","11c8f0d15876cad6fd59402a374d510a25d8a6934b97d34204d0e0d5d0332bb9"
"record_2026-07-28_18-09-15.png","254930","2026-07-29T13:49:18.7734412Z","9df92df9ad03ba1bb5ed56636afcf135e099ae46ddcc2e68fa89210ee514400b"
"record_2026-07-28_18-22-48.png","250820","2026-07-29T13:49:20.1198839Z","2b6839afd304a2641978eacc886b42fa83cceddf657e989cf558096233a89be6"
"record_2026-07-28_18-53-52.png","252757","2026-07-29T13:49:21.5071735Z","cb6064b7e6f669cfa27dc5c421399f5260fba5bc8eced2e2da6a3807a7a26a98"
"record_2026-07-28_19-12-27.png","253538","2026-07-29T13:49:24.7822157Z","47ab2f3a49cfd34189b1eee0711a66a1660cba1fb513b7d74229b158bede94d8"
"record_2026-07-28_19-34-59.png","250682","2026-07-29T13:49:26.0244325Z","8b793e9f8adc785f1445ba50fa8225ec39e9c3b87520999a59543667d9433c19"
"record_2026-07-28_19-58-30.png","248762","2026-07-29T13:49:27.1903113Z","42c6dab6c22d9614fb351571fe3de81d379a38bb400623c76cf5d9d43d284750"
"record_2026-07-28_20-24-03.png","256199","2026-07-29T13:49:29.5425869Z","9ed4c58ff70ec297e8c6e142b6ab67feb247ca550b8780ea12c8df0e689959ad"
"record_2026-07-28_20-53-41.png","251693","2026-07-29T13:49:31.3603571Z","936a6fe41f00cad5b4ccb1abd931470708363885d37876f6fd33c15300069f67"
"record_2026-07-28_21-24-17.png","252779","2026-07-29T13:49:32.8022874Z","d42f6ea4dacaff8aee432a1f1410ab249c4016fea9cabf400377c500be3ed2c6"
"record_2026-07-29_07-04-11.png","240540","2026-07-29T13:49:37.7850614Z","2cc5227b1f9f803c5d1f2af0af3f1fc8add8e149b2838e3b4504225c04713bc4"
"record_2026-07-29_07-52-51.png","256672","2026-07-29T13:49:38.9005499Z","7f1deefc42b3270073a5ed003bce820acb618a714689081ab2d67b6e51526b0e"
"record_2026-07-29_08-43-31.png","251907","2026-07-29T13:49:41.1702489Z","44b161dd264495a14fcd7330fe98bf3bcb1675e472a8be44309cddf9200dd402"
"record_2026-07-29_09-36-08.png","260715","2026-07-29T13:51:12.1412342Z","db597bd4336908f46626f01c1db29a405dcc02c99c0df5e39029d1b0419bcb19"
"record_2026-07-29_15-45-36.png","254678","2026-07-29T13:51:14.3716658Z","151cc931d65e26e76c9d144c86c9602f4cd46407f6d14305f4f33c9709722a03"
"record_2026-07-29_15-49-41.png","257193","2026-07-29T13:51:11.2414372Z","9c710deb3316d52c17ff782d4bdc90ae10a2252ff3c6be410ea1e999176559a1"
"record_2026-07-29_16-09-10.png","251389","2026-07-29T14:10:39.3677673Z","3e559ec450141e470c66799153f5ea94ebf0ecb34acb3275b0be77a50dcf2442"
"record_2026-07-29_16-24-10.png","252498","2026-07-29T14:25:44.1425201Z","2365be6ec635e53491157291cb553ff5c917771a5c2e6257eabf4cb7a29c4f42"
